path,split,class,bytes,width,height,mode,ok,problem,hash
ford_f-150/ford_f-150_car07_front.jpg,,ford_f-150,0,,,,False,empty file,d41d8cd98f00b204e9800998ecf8427e
ford_f-150/ford_f-150_car07_side.jpg,,ford_f-150,0,,,,False,empty file,d41d8cd98f00b204e9800998ecf8427e
ford_f-150/ford_f-150_car08_rear.jpg,,ford_f-150,0,,,,False,empty file,d41d8cd98f00b204e9800998ecf8427e
honda_civic/honda_civic_car04_front.jpg,,honda_civic,0,,,,False,empty file,d41d8cd98f00b204e9800998ecf8427e
honda_civic/honda_civic_car04_rear.JPG,,honda_civic,0,,,,False,empty file,d41d8cd98f00b204e9800998ecf8427e
honda_civic/honda_civic_car05_side.jpg,,honda_civic,0,,,,False,empty file,d41d8cd98f00b204e9800998ecf8427e
honda_civic/honda_civic_car06_front.png,,honda_civic,0,,,,False,empty file,d41d8cd98f00b204e9800998ecf8427e
tesla_model3/tesla_model3_car09_front.jpg,,tesla_model3,0,,,,False,empty file,d41d8cd98f00b204e9800998ecf8427e
tesla_model3/tesla_model3_car10_rear.jpg,,tesla_model3,0,,,,False,empty file,d41d8cd98f00b204e9800998ecf8427e
tesla_model3/tesla_model3_car10_side.jpg,,tesla_model3,0,,,,False,empty file,d41d8cd98f00b204e9800998ecf8427e
toyota_camry/toyota_camry_car01_front.jpg,,toyota_camry,0,,,,False,empty file,d41d8cd98f00b204e9800998ecf8427e
toyota_camry/toyota_camry_car01_side.jpg,,toyota_camry,0,,,,False,empty file,d41d8cd98f00b204e9800998ecf8427e
toyota_camry/toyota_camry_car02_front.jpg,,toyota_camry,0,,,,False,empty file,d41d8cd98f00b204e9800998ecf8427e
toyota_camry/toyota_camry_car02_rear.jpg,,toyota_camry,0,,,,False,empty file,d41d8cd98f00b204e9800998ecf8427e
toyota_camry/toyota_camry_car03_side.jpg,,toyota_camry,0,,,,False,empty file,d41d8cd98f00b204e9800998ecf8427e
